damaged_area_m2,road_type,traffic_level,severity,priority,repair_cost_in_INR,repair_time_days
2.03,Secondary,High,Low,Medium,2767,2
12.89,Residential,Medium,Low,Low,11749,2
19.17,Residential,Low,Low,Low,15346,2
28.88,Residential,Medium,Medium,Low,24906,3
2.69,Residential,Low,Low,Low,2174,6
2.66,Highway,Low,Low,Medium,7354,1
5.08,Secondary,High,Low,Low,5823,3
15.87,MajorRoad,Medium,Low,Low,26112,9
7.15,Secondary,High,Low,Low,9282,4
4.13,Secondary,Low,Low,Low,5177,6
17.39,MajorRoad,Medium,Low,Low,28345,5
3.8,MajorRoad,Medium,Low,Low,7828,2
8.84,MajorRoad,Medium,Low,Low,15577,2
8.2,Secondary,High,Low,Low,10812,9
15.27,Residential,Low,Low,Low,13364,6
6.59,Residential,Medium,Low,Low,4858,2
10.3,Residential,Low,Low,Low,8409,2
5.81,Residential,Low,Low,Low,5250,2
7.29,Residential,Low,Low,Low,6752,2
7.4,Residential,High,Low,Low,6027,5
129.81,Residential,Low,Low,Low,98901,13
7.23,MajorRoad,High,Medium,High,19451,2
19.91,Residential,Low,Low,Low,18900,4
2.61,Residential,Medium,Low,Low,2395,2
14.11,Secondary,Low,Low,Low,18500,2
9.27,Residential,High,Low,Medium,8036,3
9.21,MajorRoad,Medium,Low,Low,17848,2
1.89,Secondary,High,Low,Low,2368,3
17.24,Secondary,High,Medium,Medium,22212,4
9.96,MajorRoad,Medium,Low,Low,18797,9
17.35,Residential,Low,Low,Low,13341,9
1.29,Residential,Low,Low,Low,945,2
1.86,Highway,Medium,Low,Low,4363,2
8.8,Secondary,High,Low,Low,11222,5
6.18,MajorRoad,High,Low,Medium,11315,4
3.6,Secondary,High,Low,Medium,4502,4
5.37,Highway,Medium,Low,Low,13141,2
3.93,MajorRoad,High,Low,Medium,7903,4
28.85,Residential,Medium,Low,Low,24205,3
35.29,Residential,Low,Low,Low,31734,3
48.77,MajorRoad,Low,Low,Low,92866,5
4.88,MajorRoad,Medium,Low,Medium,10445,1
1.68,Secondary,Medium,Low,Low,2274,2
7.78,Residential,Low,Low,Low,6665,5
7.06,MajorRoad,Medium,Low,Low,13970,2
6.48,Highway,Medium,Low,Medium,15852,1
3.43,Secondary,High,Low,Medium,3793,3
19.63,Highway,High,Medium,High,70321,2
2.5,Highway,High,Low,Medium,6430,6
26.53,Residential,Low,Low,Low,23064,3
7.66,Highway,High,Medium,High,27673,2
7.23,Highway,Low,Low,Medium,21205,1
41.35,Residential,Low,Low,Low,32885,8
5.71,Secondary,Medium,Low,Low,7525,2
16.36,Secondary,Low,Low,Low,19677,2
12.03,Residential,Low,Low,Low,8961,2
8.78,Secondary,Medium,Low,Low,11390,2
4.43,Residential,Low,Low,Low,3686,2
16.88,Secondary,High,Low,Low,20680,5
4.34,Secondary,High,Low,Low,5198,3
2.09,Secondary,Low,Low,Low,2733,2
11.98,Secondary,High,Medium,Medium,18360,4
6.56,MajorRoad,High,Medium,High,18481,2
1.76,Residential,Low,Low,Low,1657,2
0.87,Secondary,Low,Low,Low,989,2
1.05,Secondary,Low,Low,Low,1321,2
10.51,Secondary,Low,Low,Low,12379,2
14.53,Secondary,Medium,Low,Low,18589,2
3.58,MajorRoad,High,Low,Medium,7090,3
2.44,Highway,High,Low,Medium,6885,3
15.4,MajorRoad,Medium,Low,Low,27357,2
10.38,Secondary,High,Low,Low,13932,10
2.06,Residential,Low,Low,Low,1495,2
4.16,MajorRoad,High,Low,Medium,8128,2
75.63,Residential,Medium,Low,Low,60657,6
19.84,MajorRoad,High,Medium,High,53562,7
10.68,Highway,Medium,Low,Medium,26534,1
5.2,Secondary,Low,Low,Low,6056,5
12.22,MajorRoad,Medium,Low,Low,24373,6
2.78,Residential,Medium,Low,Low,2265,2
3.35,MajorRoad,High,Low,Medium,7163,2
5.91,Secondary,Medium,Low,Low,6775,2
5.69,Residential,Low,Low,Low,4117,2
3.57,Residential,Low,Low,Low,2831,2
5.68,Residential,Low,Low,Low,4657,2
2.52,Residential,Low,Low,Low,2029,6
7.05,Secondary,High,Low,Low,8418,3
8.28,Residential,Low,Low,Low,7853,4
1.67,Residential,Low,Low,Low,1520,2
19.67,Highway,High,Medium,High,83022,2
7.9,Secondary,Low,Low,Low,10922,2
0.72,Secondary,Medium,Low,Low,917,2
6.33,MajorRoad,Low,Low,Medium,13335,1
4.37,Secondary,High,Low,Medium,6285,3
2.64,Residential,Medium,Low,Low,2321,2
8.12,Residential,High,Low,Low,7096,5
2.74,Residential,Low,Low,Low,2318,2
11.25,MajorRoad,Medium,Low,Medium,21069,1
8.85,Secondary,Low,Low,Low,11687,2
4.26,Residential,High,Low,Medium,3668,3
3.28,Residential,Medium,Low,Low,2921,8
7.23,Secondary,High,Low,Medium,9048,4
9.27,Residential,Medium,Low,Low,7134,2
3.6,Secondary,Medium,Low,Low,4138,4
14.18,Residential,Low,Low,Low,12664,2
28.75,Residential,Low,Low,Low,21041,3
4.93,Residential,Low,Low,Low,4516,2
8.63,MajorRoad,Medium,Low,Low,14933,2
2.93,Residential,Medium,Low,Low,2664,2
5.84,Highway,Medium,Low,Medium,15526,1
15.25,Residential,Medium,Low,Low,13799,8
9.12,Residential,Low,Low,Low,7562,2
2.79,Secondary,Low,Low,Low,3066,2
3.45,MajorRoad,Low,Low,Low,6769,2
14.39,MajorRoad,Low,Low,Low,29098,2
1.82,Secondary,Medium,Low,Low,2118,8
1.21,Secondary,Low,Low,Low,1560,2
22.91,MajorRoad,High,Medium,High,67247,3
5.26,Residential,Low,Low,Low,4245,2
11.15,Residential,Low,Low,Low,10010,4
4.01,MajorRoad,Low,Low,Medium,6672,1
3.43,Secondary,Medium,Low,Low,4433,2
15.69,Secondary,Medium,Low,Low,20118,2
38.34,Residential,Low,Low,Low,33582,3
13.41,Residential,Low,Low,Low,10504,2
2.35,Secondary,High,Low,Low,3102,3
3.7,MajorRoad,Low,Low,Low,6266,2
6.18,Residential,Low,Low,Low,5309,2
18.04,Secondary,High,Low,Low,23699,8
5.53,MajorRoad,Medium,Low,Low,10032,6
1.41,Highway,Medium,Low,Low,4066,4
5.64,Secondary,Low,Low,Low,7083,2
5.11,Residential,Low,Low,Low,4597,2
23.5,MajorRoad,Medium,Medium,Medium,43301,2
7.23,Secondary,High,Low,Low,9775,4
1.97,Secondary,Low,Low,Low,2283,2
2.53,Highway,Medium,Low,Medium,7564,1
5.4,MajorRoad,Medium,Low,Medium,11548,1
4.8,Secondary,Low,Low,Low,6653,2
3.83,Secondary,High,Low,Low,4364,3
11.43,Secondary,Low,Low,Low,15068,2
5.91,Residential,Low,Low,Low,4920,2
26.32,Secondary,Low,Low,Low,33729,3
11.96,Residential,Low,Low,Low,10352,2
15.66,Residential,Low,Low,Low,12479,2
6.59,Residential,Low,Low,Low,5844,2
12.56,Highway,High,Medium,High,49589,4
19.31,Highway,High,Medium,High,87960,6
2.2,Residential,Low,Low,Low,2007,2
7.6,Residential,Low,Low,Low,6999,4
10.77,MajorRoad,High,Low,Medium,18228,2
4.92,Residential,Low,Low,Low,4020,2
7.05,Highway,High,Low,Medium,19161,3
16.04,MajorRoad,High,Medium,High,51660,7
2.64,Residential,Low,Low,Low,2131,7
0.9,MajorRoad,Medium,Low,Medium,1900,1
3.57,Secondary,Low,Low,Low,5001,9
12.45,Residential,Low,Low,Low,10157,5
3.46,Secondary,Low,Low,Low,4870,2
7.57,MajorRoad,Medium,Low,Low,14643,2
1.81,Residential,Low,Low,Low,1728,2
33.79,Residential,Low,Low,Low,32112,3
4.47,Secondary,High,Low,Low,6350,5
4.54,Secondary,Low,Low,Low,5927,2
8.72,Secondary,High,Low,Low,10306,4
13.97,Highway,High,Medium,High,59419,2
38.61,Highway,High,Medium,High,134504,4
1.04,Secondary,Low,Low,Low,1327,2
1.81,MajorRoad,Medium,Low,Low,3648,2
12.19,MajorRoad,High,Medium,High,35345,4
4.62,Secondary,Medium,Low,Low,6610,2
2.94,Highway,High,Low,Medium,6818,3
1.06,Secondary,High,Low,Low,1172,5
1.8,Residential,High,Low,Low,1726,3
6.0,Residential,Medium,Low,Low,4772,2
11.72,Highway,Low,Low,Low,27988,2
10.34,Residential,Low,Low,Low,9518,2
5.27,Residential,Medium,Low,Low,4763,2
22.69,Secondary,Medium,Low,Low,30356,3
6.03,Highway,Medium,Low,Low,16739,2
2.09,Residential,Medium,Low,Low,1992,2
1.65,Residential,Medium,Low,Low,1444,2
5.94,Residential,High,Low,Medium,5365,2
31.6,Secondary,Low,Low,Low,39371,3
9.55,Residential,Low,Low,Low,6936,8
14.65,Residential,Low,Low,Low,11668,2
1.22,Secondary,Low,Low,Low,1383,2
6.38,Residential,Low,Low,Low,5461,2
51.0,Residential,Low,Low,Low,41953,5
6.06,Residential,Medium,Low,Low,4963,2
10.99,Secondary,Low,Low,Low,13522,2
3.23,Secondary,Low,Low,Low,3908,2
6.57,Residential,Low,Low,Low,5311,2
32.75,Residential,Medium,Low,Low,29753,3
22.48,Secondary,Low,Low,Low,31306,3
12.98,Secondary,Low,Low,Low,14533,2
6.79,MajorRoad,High,Low,Medium,13729,9
10.71,Secondary,Low,Low,Low,13004,5
8.69,Residential,Low,Low,Low,6549,2
91.99,MajorRoad,Medium,Medium,Medium,176535,5
5.74,Highway,High,Low,Medium,13871,4
7.05,Residential,Low,Low,Low,5895,2
2.44,Residential,Low,Low,Low,1795,2
2.05,Residential,Medium,Low,Low,1887,6
5.91,Secondary,Medium,Low,Low,7962,2
2.96,Highway,High,Low,Medium,7662,9
33.82,MajorRoad,High,Medium,High,104614,8
11.24,Residential,Medium,Low,Low,8841,4
5.52,Highway,High,Low,Medium,15963,4
4.46,Secondary,Medium,Low,Low,5827,2
5.77,MajorRoad,High,Low,Medium,12050,4
3.14,MajorRoad,Medium,Low,Low,6599,2
0.74,Secondary,Low,Low,Low,927,2
10.6,MajorRoad,Medium,Low,Medium,18318,1
28.64,Residential,Low,Low,Low,26205,8
1.34,Secondary,High,Low,Low,1591,3
35.97,Residential,Medium,Low,Low,27699,7
19.31,Residential,Medium,Low,Low,16188,2
16.03,Highway,High,Medium,High,63786,6
8.4,MajorRoad,Medium,Low,Low,15435,7
10.76,Secondary,Medium,Low,Low,12925,6
21.18,MajorRoad,High,Medium,High,68932,3
1.98,Residential,Low,Low,Low,1562,2
25.58,Secondary,Low,Low,Low,27669,3
12.56,Residential,Low,Low,Low,9998,8
19.96,Secondary,Medium,Low,Low,25315,2
43.56,MajorRoad,Medium,Medium,Medium,91149,9
65.53,Residential,High,Medium,Medium,54228,8
14.62,MajorRoad,High,Medium,High,36733,3
4.0,Secondary,Medium,Low,Low,4534,2
13.92,Secondary,Low,Low,Low,19746,2
8.87,Residential,Low,Low,Low,7361,2
3.05,Secondary,High,Low,Medium,3878,10
2.87,Residential,Low,Low,Low,2247,2
10.4,MajorRoad,Medium,Low,Medium,19063,1
9.41,Secondary,Medium,Low,Low,12464,2
3.16,MajorRoad,Medium,Low,Low,5239,2
1.41,MajorRoad,Medium,Low,Medium,2987,1
6.85,Residential,Low,Low,Low,5916,2
21.63,Residential,Low,Low,Low,18739,3
16.12,Residential,Low,Low,Low,15091,2
3.3,Residential,Low,Low,Low,3071,7
6.49,Secondary,Medium,Low,Low,7195,2
10.05,Secondary,Medium,Low,Low,14202,2
8.21,Residential,Low,Low,Low,6133,2
3.08,MajorRoad,Medium,Low,Medium,6345,6
2.68,MajorRoad,Medium,Low,Low,4911,2
5.08,Highway,High,Low,Medium,13181,4
12.0,Secondary,Low,Low,Low,14497,2
23.59,Residential,Medium,Low,Low,19094,3
11.55,Secondary,Medium,Low,Low,14303,6
7.85,Highway,High,Medium,High,34163,2
27.48,Residential,Low,Low,Low,20876,3
3.63,Residential,Medium,Low,Low,2954,2
2.08,MajorRoad,Medium,Low,Medium,4067,1
19.93,MajorRoad,Low,Low,Medium,35984,1
8.39,Secondary,Low,Low,Low,10626,2
5.48,Secondary,Low,Low,Low,6285,2
12.67,Secondary,High,Medium,Medium,16455,4
3.86,Secondary,Low,Low,Low,4176,2
82.17,Highway,High,Medium,High,302262,8
2.59,MajorRoad,High,Low,Medium,5533,3
8.26,Residential,Low,Low,Low,7560,2
40.32,Residential,Medium,Low,Low,37392,5
4.29,Residential,Medium,Low,Low,3180,2
25.08,Residential,Medium,Low,Low,18143,7
1.91,Residential,Low,Low,Low,1626,2
12.91,Secondary,Medium,Low,Low,15714,2
2.62,Residential,Low,Low,Low,2472,5
4.79,Secondary,Medium,Low,Low,6292,2
5.75,MajorRoad,Low,Low,Low,11891,6
38.31,Residential,High,Medium,Medium,32825,3
26.94,Secondary,Low,Low,Low,34927,3
27.45,Residential,High,Medium,Medium,24684,4
5.13,Highway,High,Medium,High,19658,9
4.22,Secondary,Medium,Low,Low,4923,7
9.2,Secondary,High,Medium,Medium,13277,3
3.59,Residential,Low,Low,Low,2834,2
1.1,Secondary,Low,Low,Low,1418,2
3.6,Secondary,High,Low,Medium,4536,6
8.0,Residential,Low,Low,Low,6279,2
46.18,Secondary,Low,Low,Low,60822,9
3.87,MajorRoad,High,Low,Medium,7424,7
1.21,Residential,Low,Low,Low,963,2
0.5,Residential,High,Low,Medium,383,2
4.69,Highway,Medium,Low,Medium,13864,1
48.34,Secondary,Medium,Low,Low,58079,9
12.7,Residential,Low,Low,Low,9987,2
2.07,Secondary,Low,Low,Low,2292,2
9.1,Residential,Low,Low,Low,7418,2
1.58,Secondary,Low,Low,Low,2220,2
1.24,Residential,Medium,Low,Low,1123,7
10.09,Highway,High,Low,Medium,29223,4
5.9,Residential,Low,Low,Low,4491,2
8.2,Residential,Low,Low,Low,7564,2
2.93,Secondary,High,Low,Medium,4166,8
1.08,Residential,Low,Low,Low,856,2
12.82,Secondary,Low,Low,Low,18124,7
2.9,Secondary,High,Low,Medium,4163,3
1.84,MajorRoad,Low,Low,Medium,3673,1
3.68,Highway,Low,Low,Medium,9775,1
3.43,MajorRoad,Medium,Low,Medium,6544,1
37.09,Secondary,Low,Low,Low,46485,3
4.72,MajorRoad,Medium,Low,Low,7877,2
4.37,Residential,Medium,Low,Low,3195,2
5.86,Highway,High,Medium,High,24154,2
5.04,Secondary,Low,Low,Low,7108,2
12.42,Residential,Medium,Low,Low,11301,2
16.9,Highway,High,Medium,High,59139,2
43.16,Highway,Medium,Medium,Medium,130121,3
14.51,Residential,Low,Low,Low,11780,2
18.91,Secondary,Medium,Low,Low,22198,2
8.87,Residential,Low,Low,Low,6610,2
3.64,Highway,Medium,Low,Low,10815,2
3.72,Secondary,Low,Low,Low,4976,2
19.84,Residential,Low,Low,Low,18637,2
4.88,Secondary,High,Low,Medium,6558,2
5.01,Secondary,Low,Low,Low,6283,2
12.59,Secondary,Medium,Low,Low,13742,2
3.51,Residential,Low,Low,Low,2707,2
6.83,Residential,Low,Low,Low,5175,2
3.08,Residential,Low,Low,Low,2528,2
3.26,Secondary,Medium,Low,Low,4097,5
11.15,Secondary,Medium,Low,Low,15456,2
4.3,Residential,Low,Low,Low,3534,2
10.88,MajorRoad,Medium,Low,Low,20407,2
24.34,Residential,Medium,Medium,Low,25263,3
38.13,Highway,High,High,High,183507,3
20.07,Residential,Medium,Low,Low,18445,3
1.86,Secondary,High,Low,Low,2576,5
6.42,Secondary,Low,Low,Low,7699,6
10.73,Residential,Low,Low,Low,7877,2
6.06,Residential,Medium,Low,Low,5405,2
3.02,MajorRoad,High,Low,Medium,6276,4
1.99,Residential,High,Low,Low,1619,8
3.24,Secondary,Medium,Low,Low,4036,9
8.15,Residential,Low,Low,Low,6000,2
7.19,MajorRoad,Medium,Low,Low,13890,2
14.44,MajorRoad,High,Medium,High,43104,4
14.8,Secondary,Medium,Low,Low,21271,7
2.31,MajorRoad,Medium,Low,Low,4424,2
13.3,Secondary,Medium,Low,Low,14906,2
20.93,Residential,Medium,Low,Low,18508,3
17.74,Secondary,Medium,Low,Low,22171,2
32.77,MajorRoad,Low,Low,Low,55938,3
4.02,Residential,Low,Low,Low,2917,2
2.22,Residential,Low,Low,Low,2119,2
6.86,Highway,Medium,Low,Low,15835,2
29.5,Residential,Low,Low,Low,25434,3
12.33,Residential,Low,Low,Low,11823,2
5.89,MajorRoad,Medium,Low,Medium,11973,1
5.84,Secondary,Low,Low,Low,6469,2
6.29,Highway,Low,Low,Medium,16018,1
41.99,Highway,Low,Low,Low,99786,10
13.31,Secondary,Medium,Low,Low,17105,2
7.39,MajorRoad,Low,Low,Medium,15949,8
4.96,Secondary,High,Low,Low,7073,6
5.48,Secondary,Low,Low,Low,7467,2
9.79,Residential,Medium,Low,Low,7615,2
6.16,Residential,Low,Low,Low,4574,2
2.76,MajorRoad,Medium,Low,Medium,4530,1
8.24,Residential,Low,Low,Low,6756,2
5.17,Residential,High,Low,Low,4610,5
2.08,Residential,Low,Low,Low,1536,2
13.52,Residential,Medium,Low,Low,10125,2
7.01,Secondary,Medium,Low,Low,8408,2
6.21,Secondary,Low,Low,Low,7400,2
3.85,Secondary,Low,Low,Low,4776,2
1.59,MajorRoad,Medium,Low,Medium,2769,1
2.63,Secondary,High,Low,Low,3549,4
24.58,MajorRoad,Medium,Medium,Medium,51227,2
4.56,Residential,Low,Low,Low,4367,2
2.17,Secondary,Medium,Low,Low,2816,2
8.3,Residential,Low,Low,Low,6698,2
15.39,Residential,Medium,Low,Low,11407,2
4.47,MajorRoad,High,Low,Medium,7504,3
6.89,Residential,Low,Low,Low,5996,2
7.71,MajorRoad,Low,Low,Low,13658,6
16.95,Secondary,Medium,Low,Low,22912,6
1.1,Highway,High,Low,Medium,2574,4
31.1,Secondary,Medium,Medium,Low,38607,3
0.88,Highway,Low,Low,Low,2113,2
5.72,Residential,Medium,Low,Low,5262,2
6.6,MajorRoad,Medium,Low,Medium,10911,7
11.34,MajorRoad,High,Low,Medium,21074,4
6.56,Secondary,Medium,Low,Low,9012,2
18.68,MajorRoad,High,Medium,High,48912,2
12.63,Secondary,Low,Low,Low,15861,2
40.97,Residential,Low,Low,Low,36260,5
6.81,Secondary,Low,Low,Low,9418,2
21.98,Highway,Medium,Low,Medium,59009,2
2.93,Secondary,Medium,Low,Low,4201,2
2.14,Secondary,High,Low,Medium,2949,4
10.89,Secondary,Low,Low,Low,12097,2
2.44,Secondary,High,Low,Low,2753,5
12.62,Secondary,High,Low,Medium,14403,4
25.39,Residential,Medium,Low,Low,22024,3
12.08,Secondary,Low,Low,Low,13906,2
2.86,MajorRoad,Medium,Low,Medium,5959,1
14.66,Residential,Low,Low,Low,10900,2
3.44,Secondary,High,Low,Low,3882,8
18.12,Residential,Medium,Low,Low,14733,2
7.8,Secondary,High,Medium,Medium,10629,3
10.78,Residential,Low,Low,Low,9014,2
9.96,MajorRoad,High,Medium,High,26834,3
7.08,Residential,Low,Low,Low,6050,2
3.47,Residential,Low,Low,Low,2975,2
22.51,Residential,High,Medium,Medium,22639,4
7.19,Highway,High,Low,Medium,17365,3
50.2,Residential,Low,Low,Low,41588,5
8.17,Highway,High,Medium,High,34619,4
3.37,MajorRoad,High,Low,Medium,5468,7
6.63,Residential,Low,Low,Low,5902,2
8.91,Residential,Low,Low,Low,7575,2
3.56,Residential,High,Low,Low,3162,10
3.14,Residential,Low,Low,Low,2786,2
24.44,Secondary,Low,Low,Low,28659,3
3.58,Residential,Medium,Low,Low,3222,4
1.34,MajorRoad,High,Low,Medium,2632,3
16.27,Highway,Low,Low,Low,40790,2
6.0,Secondary,Low,Low,Low,8496,2
1.9,Residential,Low,Low,Low,1802,2
21.89,Secondary,Medium,Low,Low,30834,3
13.66,Residential,Low,Low,Low,11371,5
6.82,Residential,Low,Low,Low,5305,2
10.35,Secondary,Medium,Low,Low,11852,2
6.54,Residential,Medium,Low,Low,5194,2
3.45,MajorRoad,High,Low,Medium,5827,4
6.79,Secondary,Medium,Low,Low,8244,2
3.37,Secondary,Low,Low,Low,3937,2
5.98,MajorRoad,High,Low,Medium,10042,11
2.28,Residential,Low,Low,Low,1955,9
49.98,Secondary,Low,Low,Low,59424,5
4.45,MajorRoad,High,Low,Medium,8432,3
7.07,Secondary,Low,Low,Low,7718,9
5.14,MajorRoad,Low,Low,Medium,10328,1
1.84,Secondary,Medium,Low,Low,2593,2
10.84,Secondary,High,Low,Medium,14973,4
5.7,Highway,High,Medium,High,25647,10
4.38,Residential,Low,Low,Low,3995,2
26.35,Residential,Medium,Low,Low,21557,3
5.35,Residential,Low,Low,Low,3976,2
17.45,Secondary,Medium,Low,Low,18931,2
22.1,Residential,Low,Low,Low,18310,3
5.84,MajorRoad,High,Low,Medium,11782,8
17.23,Secondary,Low,Low,Low,23423,2
19.76,Residential,Medium,Low,Low,14350,2
10.63,Secondary,Low,Low,Low,13259,7
5.42,Residential,Medium,Low,Low,4820,2
9.02,Residential,Medium,Low,Low,6719,2
5.75,Residential,High,Low,Low,5492,3
1.53,Secondary,Low,Low,Low,1957,2
6.23,Secondary,Low,Low,Low,8957,2
2.48,Secondary,High,Low,Low,3241,5
2.99,Secondary,Medium,Low,Low,3431,2
5.66,Secondary,Low,Low,Low,6501,2
8.56,Residential,Low,Low,Low,6547,5
11.12,Residential,Low,Low,Low,8047,2
8.87,Residential,Low,Low,Low,7075,2
8.4,Highway,Medium,Low,Medium,19155,1
1.96,Secondary,Low,Low,Low,2428,2
15.07,MajorRoad,High,Medium,High,39684,4
3.46,Secondary,Low,Low,Low,4619,2
4.72,Secondary,High,Low,Low,6497,4
2.84,MajorRoad,Medium,Low,Low,4921,2
8.3,Secondary,High,Low,Low,9126,4
2.12,Secondary,High,Low,Medium,2839,3
22.86,Secondary,Low,Low,Low,31271,5
10.44,Highway,High,Medium,High,40494,8
6.33,Secondary,Low,Low,Low,7960,2
18.66,Residential,Medium,Low,Low,13945,2
5.93,Residential,Medium,Low,Low,4716,2
3.07,MajorRoad,High,Low,Medium,6318,7
2.4,Secondary,Medium,Low,Low,3342,2
1.32,Residential,Medium,Low,Low,1072,2
5.55,MajorRoad,High,Low,Medium,11301,2
0.59,MajorRoad,High,Low,Medium,1270,4
1.5,Highway,Medium,Low,Low,3629,2
2.54,Residential,Low,Low,Low,2107,2
4.07,Secondary,Low,Low,Low,4615,2
9.55,Highway,Medium,Low,Medium,27331,1
1.41,MajorRoad,High,Low,Medium,2425,8
10.43,MajorRoad,Medium,Low,Low,16905,7
9.83,Residential,Medium,Low,Low,9033,2
19.85,Residential,Medium,Low,Low,17025,2
5.52,Residential,High,Low,Low,5279,4
6.04,MajorRoad,High,Low,Medium,12459,9
75.79,MajorRoad,Medium,Medium,Medium,153301,4
32.63,Residential,Low,Low,Low,28819,9
3.62,Highway,High,Low,Medium,8729,3
50.65,MajorRoad,High,Medium,High,163006,4
1.71,Residential,Low,Low,Low,1435,2
14.11,Secondary,Medium,Low,Low,17004,2
3.43,Highway,Medium,Low,Medium,7958,1
14.7,MajorRoad,Medium,Medium,Medium,27648,1
6.9,Residential,Low,Low,Low,4994,2
139.36,MajorRoad,High,Medium,High,408728,6
3.82,Secondary,Medium,Low,Low,5500,2
8.76,Highway,High,Medium,High,32663,2
1.72,Residential,Medium,Low,Low,1396,2
2.57,Secondary,Low,Low,Low,3588,7
3.66,Residential,Low,Low,Low,2695,2
14.91,Residential,Low,Low,Low,10799,2
3.57,Residential,Low,Low,Low,3225,4
18.9,Residential,High,Low,Medium,17413,4
6.18,Secondary,High,Low,Medium,7834,4
4.0,Residential,Low,Low,Low,3633,2
9.3,Residential,Low,Low,Low,8634,2
11.35,Secondary,Low,Low,Low,13703,2
2.83,Secondary,Medium,Low,Low,3404,2
3.92,Secondary,Low,Low,Low,5518,2
1.77,Residential,Low,Low,Low,1542,2
3.59,Residential,Low,Low,Low,3011,2
1.12,Residential,Low,Low,Low,962,2
3.55,Secondary,High,Low,Medium,4859,2
6.52,Residential,Low,Low,Low,5099,2
25.12,Residential,Medium,Low,Low,23821,3
10.95,Highway,High,Medium,High,42337,6
2.88,Secondary,Low,Low,Low,3512,2
10.57,Secondary,Medium,Medium,Low,14585,2
11.17,Residential,Low,Low,Low,10365,2
6.28,Residential,High,Low,Medium,5912,3
4.26,Residential,Low,Low,Low,3145,6
4.01,Residential,Low,Low,Low,3634,2
9.9,MajorRoad,Medium,Low,Low,20930,4
13.3,MajorRoad,High,Medium,High,35744,4
8.05,Residential,Low,Low,Low,6858,2
7.14,Residential,Low,Low,Low,6712,2
14.36,Secondary,Medium,Low,Low,16194,8
0.85,Secondary,Medium,Low,Low,1100,5
2.86,Residential,Low,Low,Low,2631,2
1.99,MajorRoad,High,Low,Medium,3725,3
2.65,Residential,Low,Low,Low,2069,2
12.57,MajorRoad,Low,Low,Low,26384,5
2.63,Secondary,Medium,Low,Low,3252,2
3.75,Highway,High,Low,Medium,9064,3
1.87,Highway,High,Low,Medium,4824,4
9.22,Residential,Low,Low,Low,7059,4
3.21,Residential,Low,Low,Low,2737,2
15.39,Highway,Medium,Low,Medium,39988,8
0.95,Secondary,High,Low,Medium,1107,2
12.49,Secondary,High,Medium,Medium,18063,4
23.67,Secondary,Medium,Low,Low,31075,3
8.98,Highway,Low,Low,Medium,26587,1
5.61,MajorRoad,Medium,Low,Medium,10635,1
7.38,Residential,Low,Low,Low,6826,2
8.15,Highway,High,Medium,High,30586,4
8.3,Secondary,High,Low,Medium,9950,4
9.37,Highway,High,Low,Medium,24132,4
103.56,Highway,Medium,High,High,490636,3
4.83,Residential,Low,Low,Low,3804,2
1.63,Residential,Medium,Low,Low,1523,2
7.9,Residential,High,Low,Low,7523,5
4.75,Residential,High,Low,Low,4470,10
3.5,Residential,Low,Low,Low,3083,2
8.13,Secondary,Medium,Low,Low,8957,2
2.21,Residential,Low,Low,Low,1681,2
2.92,MajorRoad,High,Low,Medium,5303,3
5.21,MajorRoad,High,Low,Medium,10462,9
2.21,Residential,Low,Low,Low,1651,6
8.59,Residential,Low,Low,Low,8156,2
3.61,Residential,High,Medium,Medium,3416,8
2.61,Residential,Low,Low,Low,1905,2
1.29,Residential,Low,Low,Low,1230,2
6.98,Residential,Low,Low,Low,6473,2
8.87,Secondary,Low,Low,Low,10479,2
3.51,Residential,Low,Low,Low,3162,7
5.96,MajorRoad,High,Low,Medium,12148,3
4.45,Secondary,High,Low,Low,6294,6
35.88,Residential,Low,Low,Low,27429,3
16.69,MajorRoad,High,Medium,High,52557,3
5.37,Residential,Low,Low,Low,4618,2
9.98,Secondary,High,Low,Low,13266,3
9.78,Secondary,Medium,Low,Low,12432,2
33.91,MajorRoad,High,Medium,High,93545,9
2.63,MajorRoad,Medium,Low,Medium,5164,1
6.37,MajorRoad,Medium,Low,Low,13465,2
3.87,Residential,Low,Low,Low,2813,2
1.44,Secondary,Low,Low,Low,1843,2
11.51,Residential,Low,Low,Low,10841,2
8.68,Secondary,High,Low,Medium,10672,5
4.62,Highway,Low,Low,Low,11529,2
2.11,Secondary,Medium,Low,Low,2660,2
4.07,MajorRoad,High,Low,Medium,6604,6
39.73,MajorRoad,Medium,Low,Low,79863,3
0.97,MajorRoad,Medium,Low,Low,1965,2
20.35,MajorRoad,Medium,Medium,Medium,37204,2
11.52,Residential,Low,Low,Low,10223,2
5.95,Residential,Low,Low,Low,5473,2
7.9,Residential,Low,Low,Low,7446,2
16.66,Residential,Low,Low,Low,15492,2
2.68,MajorRoad,Low,Low,Low,4654,6
5.99,Residential,Medium,Low,Low,5216,2
9.5,MajorRoad,High,Medium,High,31055,6
21.89,Secondary,Low,Low,Low,25074,6
1.82,Residential,Medium,Low,Low,1476,2
3.91,MajorRoad,High,Low,Medium,7674,3
6.0,Residential,Low,Low,Low,5181,2
0.5,Secondary,Medium,Low,Low,675,2
31.56,MajorRoad,High,Medium,High,82792,3
1.17,Residential,Low,Low,Low,955,2
8.02,Secondary,High,Low,Low,10555,5
15.9,Residential,Low,Low,Low,11679,7
40.93,Highway,Medium,Medium,Medium,109459,3
0.9,Residential,Medium,Low,Low,787,8
12.28,Secondary,Low,Low,Low,13369,2
32.89,Residential,Low,Low,Low,31355,3
3.67,Residential,Medium,Low,Low,2851,2
2.13,Residential,Medium,Low,Low,1840,2
11.78,Secondary,Low,Low,Low,15879,2
18.23,Residential,Medium,Low,Low,15123,2
2.25,Residential,Low,Low,Low,2141,2
9.94,Secondary,Low,Low,Low,13854,2
13.99,Secondary,Low,Low,Low,19151,2
5.48,MajorRoad,High,Low,Medium,10756,4
8.56,Highway,High,Low,Medium,25188,3
5.19,Secondary,High,Low,Medium,6964,3
30.64,Residential,Low,Low,Low,28895,3
5.56,Secondary,Low,Low,Low,6505,5
15.73,Residential,High,Low,Medium,11681,3
13.21,Secondary,Medium,Low,Low,18433,2
15.86,MajorRoad,Medium,Low,Medium,27916,1
2.63,Secondary,Medium,Low,Low,3540,2
33.62,Secondary,Low,Low,Low,44292,3
3.71,Highway,Medium,Low,Low,10545,2
1.6,MajorRoad,Medium,Low,Medium,2734,1
6.82,Secondary,High,Medium,Medium,8713,10
3.66,Highway,High,Low,Medium,9847,2
23.55,Residential,Medium,Low,Low,17119,3
3.7,MajorRoad,High,Low,Medium,6955,10
8.49,MajorRoad,Medium,Low,Medium,14359,1
21.1,MajorRoad,Medium,Low,Medium,35145,2
1.61,Residential,Low,Low,Low,1467,2
5.43,Secondary,Medium,Low,Low,7516,2
21.44,Residential,Low,Low,Low,17565,3
40.68,Residential,Low,Low,Low,38371,5
42.71,MajorRoad,High,Medium,High,124889,10
21.3,Secondary,Low,Low,Low,27823,8
5.87,Secondary,Medium,Low,Low,7592,2
10.99,Residential,Low,Low,Low,9654,2
4.0,Secondary,Medium,Low,Low,5634,2
15.93,Secondary,Low,Low,Low,17204,2
1.46,Residential,Medium,Low,Low,1329,2
11.73,Residential,Medium,Low,Low,9018,2
1.08,Secondary,High,Low,Medium,1401,5
15.07,Residential,Medium,Low,Low,14322,2
5.24,Residential,High,Low,Low,4778,9
9.43,Residential,Low,Low,Low,8426,2
9.38,Residential,Low,Low,Low,8008,2
3.6,Residential,Medium,Low,Low,2621,2
5.57,Residential,High,Low,Medium,4147,3
10.64,Secondary,High,Low,Medium,12788,4
7.2,Secondary,Low,Low,Low,9787,2
2.12,Secondary,Low,Low,Low,2958,2
3.54,Residential,Low,Low,Low,2971,2
6.54,Secondary,Low,Low,Low,8188,2
8.05,Residential,Low,Low,Low,6352,6
3.4,Secondary,Medium,Low,Low,4631,2
12.8,Secondary,High,Low,Medium,17842,5
2.96,MajorRoad,Medium,Low,Low,5022,2
2.09,MajorRoad,Medium,Low,Medium,3728,5
15.36,Residential,Low,Low,Low,14303,2
4.04,MajorRoad,High,Low,Medium,7159,4
13.49,Secondary,Low,Low,Low,16662,2
3.14,Residential,Low,Low,Low,2934,2
1.64,Residential,Low,Low,Low,1254,2
5.32,Secondary,High,Low,Medium,6865,2
3.56,Secondary,Low,Low,Low,4248,2
26.46,Residential,High,Low,Low,21860,6
13.79,MajorRoad,High,Medium,High,38584,3
18.96,Secondary,High,Low,Medium,24348,8
2.1,MajorRoad,Medium,Low,Low,4061,2
5.48,MajorRoad,Medium,Low,Low,10982,2
9.12,Residential,Low,Low,Low,7755,2
3.61,Residential,Low,Low,Low,2975,2
8.48,Highway,High,Medium,High,36195,4
7.06,Secondary,Low,Low,Low,9178,2
16.23,Residential,Low,Low,Low,11885,2
7.46,Residential,Low,Low,Low,6753,6
8.69,Secondary,Medium,Low,Low,11531,6
11.08,Residential,Low,Low,Low,9179,2
19.29,Residential,Medium,Low,Low,18453,2
4.18,Residential,Low,Low,Low,3128,2
8.54,MajorRoad,High,Low,Medium,14075,7
4.58,Secondary,Medium,Low,Low,5100,2
42.06,Secondary,Medium,Medium,Low,65145,5
24.16,Residential,Low,Low,Low,22576,7
22.93,Highway,High,Medium,High,84199,2
12.77,Highway,High,Medium,High,47905,2
19.14,Residential,Low,Low,Low,16305,2
6.36,Secondary,Medium,Low,Low,7059,2
29.2,Residential,High,Medium,Medium,23345,5
6.78,MajorRoad,High,Low,Medium,13474,9
28.56,Secondary,Low,Low,Low,40459,5
78.67,Secondary,Low,Low,Low,106507,6
7.75,Highway,Low,Low,Medium,18797,1
6.75,Residential,Medium,Low,Low,4947,2
5.07,Residential,Low,Low,Low,4063,2
3.02,Secondary,Medium,Low,Low,3266,2
8.53,Residential,Medium,Low,Low,7141,2
1.36,Highway,Medium,Low,Low,3139,2
15.0,Highway,High,Medium,High,54265,2
19.69,Residential,Medium,Low,Low,15930,6
11.39,MajorRoad,Medium,Low,Medium,24393,1
5.09,Residential,Low,Low,Low,4843,2
5.27,MajorRoad,Medium,Low,Low,8638,2
3.07,Residential,Medium,Low,Low,2943,2
18.64,Secondary,Low,Low,Low,21108,2
9.99,MajorRoad,High,Low,Medium,19394,3
5.92,Secondary,Medium,Low,Low,8274,2
7.1,Residential,Medium,Low,Low,5500,2
7.4,Residential,Low,Low,Low,6879,2
28.82,Secondary,Low,Low,Low,35465,3
5.09,Residential,Medium,Low,Low,4570,2
7.58,MajorRoad,High,Medium,High,21431,9
11.92,MajorRoad,High,Medium,High,39361,3
119.22,Residential,Low,Low,Low,98589,15
15.76,Secondary,Medium,Low,Low,17464,2
18.1,Highway,High,Low,Medium,54011,4
5.67,Secondary,Medium,Low,Low,7969,2
2.66,Secondary,Medium,Low,Low,3088,6
14.26,Residential,Low,Low,Low,12159,2
4.86,Secondary,Low,Low,Low,6802,7
6.8,Residential,Low,Low,Low,5440,2
28.97,Residential,Low,Low,Low,24913,3
4.12,Residential,Medium,Low,Low,3830,2
9.82,MajorRoad,High,Low,Medium,16154,4
9.69,MajorRoad,Medium,Low,Low,20757,2
33.65,Secondary,Low,Low,Low,36421,10
2.28,Residential,Medium,Low,Low,2152,2
18.63,Residential,Medium,Low,Low,16762,2
16.34,Residential,Low,Low,Low,15314,2
5.8,Residential,Medium,Low,Low,5298,2
15.6,Secondary,High,Medium,Medium,20972,4
4.1,MajorRoad,High,Low,Medium,7771,4
2.27,MajorRoad,Low,Low,Low,4273,2
2.58,Secondary,High,Low,Low,3349,4
10.08,MajorRoad,High,Low,Medium,19406,10
11.86,Residential,Low,Low,Low,8561,2
23.98,Secondary,Low,Low,Low,28615,3
17.89,MajorRoad,High,Medium,High,47852,4
9.12,Residential,Medium,Low,Low,7859,5
4.09,Residential,Low,Low,Low,3485,5
15.64,Residential,High,Low,Medium,12363,4
12.39,Residential,Medium,Low,Low,11249,2
6.51,Residential,Low,Low,Low,5752,2
1.56,Secondary,High,Low,Medium,1754,2
34.39,Residential,Low,Low,Low,25152,8
8.17,Residential,High,Low,Low,7304,4
6.36,MajorRoad,High,Medium,High,19615,4
2.54,Residential,Medium,Low,Low,1997,2
5.05,Residential,Low,Low,Low,3761,9
12.85,MajorRoad,Medium,Low,Medium,21644,1
25.55,Highway,Low,Low,Medium,71757,7
22.36,Residential,High,Medium,Medium,19204,8
1.16,Residential,Low,Low,Low,906,2
11.68,Residential,Low,Low,Low,8831,2
19.02,Secondary,High,Low,Medium,22385,4
28.92,MajorRoad,High,Medium,High,79883,2
4.2,Secondary,Low,Low,Low,5261,9
27.06,Highway,Low,Low,Medium,64627,4
73.79,Residential,Low,Low,Low,63194,6
13.37,MajorRoad,Medium,Low,Low,26412,5
2.45,Residential,Low,Low,Low,2345,2
0.57,Secondary,High,Low,Medium,815,3
48.6,Secondary,High,Medium,Medium,65579,9
5.85,Secondary,Low,Low,Low,8048,2
8.9,Secondary,Low,Low,Low,12780,5
1.14,Secondary,Low,Low,Low,1623,2
3.13,Secondary,Low,Low,Low,3993,2
29.25,Residential,Low,Low,Low,25023,3
5.62,Secondary,Low,Low,Low,6462,2
2.2,Highway,High,Low,Medium,4995,2
1.81,Residential,Low,Low,Low,1640,2
13.6,MajorRoad,Medium,Low,Low,27339,4
4.56,Residential,Low,Low,Low,4131,2
20.82,Secondary,High,Medium,Medium,30491,3
11.42,MajorRoad,High,Medium,High,33384,2
66.15,Residential,Low,Low,Low,49415,6
13.82,Highway,High,Medium,High,59197,3
10.49,Residential,Low,Low,Low,7658,7
3.24,Secondary,High,Low,Low,4028,5
26.74,MajorRoad,High,Low,Medium,54319,3
2.45,Residential,Low,Low,Low,2341,2
12.98,Secondary,Medium,Low,Low,15834,2
38.12,Residential,Medium,Low,Low,28772,3
11.06,Secondary,Medium,Low,Low,15831,2
2.73,Residential,Low,Low,Low,2120,2
11.73,MajorRoad,High,Low,Medium,21873,4
8.21,MajorRoad,Medium,Low,Medium,14907,1
13.32,MajorRoad,Medium,Low,Medium,28675,1
17.42,Secondary,Medium,Low,Low,22957,2
13.14,Residential,Medium,Low,Low,10538,2
10.06,Secondary,High,Low,Low,12314,4
5.75,Residential,High,Low,Low,5259,3
9.6,MajorRoad,Medium,Low,Low,20536,2
10.61,Secondary,High,Low,Low,13701,3
0.89,Secondary,Low,Low,Low,1199,2
6.57,Residential,Medium,Low,Low,5683,2
1.35,MajorRoad,High,Low,Medium,2715,4
14.98,Secondary,High,Low,Low,20637,4
23.17,MajorRoad,Medium,Medium,Medium,45166,2
16.99,Residential,Low,Low,Low,13126,2
10.62,MajorRoad,Medium,Low,Low,22128,5
43.08,Residential,Low,Low,Low,31545,5
6.15,Secondary,Low,Low,Low,7503,2
9.0,Residential,Low,Low,Low,7595,8
35.19,MajorRoad,Medium,Low,Medium,70634,2
14.6,Secondary,Medium,Low,Low,19995,2
9.13,MajorRoad,Medium,Low,Low,15019,2
2.32,Secondary,Low,Low,Low,2744,2
3.39,Residential,Low,Low,Low,2484,2
18.61,Secondary,Medium,Low,Low,20102,2
25.21,Residential,Low,Low,Low,22218,3
22.32,Secondary,Medium,Medium,Low,29924,3
12.27,Secondary,High,Low,Medium,14515,4
13.22,Highway,High,Medium,High,55641,3
6.03,MajorRoad,Medium,Low,Low,11378,2
9.09,Secondary,Low,Low,Low,10401,2
3.83,Secondary,High,Low,Medium,4427,9
15.02,Residential,Low,Low,Low,14377,2
0.89,MajorRoad,Medium,Low,Medium,1809,1
6.95,MajorRoad,High,Low,Medium,12877,2
1.85,Residential,Medium,Low,Low,1428,2
1.13,Highway,Medium,Low,Medium,3108,1
9.19,Secondary,Low,Low,Low,11720,2
21.46,Highway,Low,Low,Low,50355,3
50.14,MajorRoad,High,Medium,High,155115,4
5.36,Residential,Medium,Low,Low,4879,2
4.67,Secondary,High,Low,Medium,6723,4
1.53,Secondary,Low,Low,Low,1746,2
1.11,MajorRoad,High,Low,Medium,1935,2
22.19,Secondary,High,Low,Medium,27152,4
10.16,Highway,Medium,Low,Low,27111,2
20.92,Highway,High,Medium,High,78867,9
24.12,Residential,Low,Low,Low,21331,8
2.87,MajorRoad,High,Low,Medium,5361,3
17.73,Highway,High,Low,Medium,45672,3
4.56,Secondary,High,Low,Medium,5484,4
8.62,Residential,Low,Low,Low,7424,2
4.28,Secondary,Low,Low,Low,5438,2
20.02,MajorRoad,Medium,Low,Low,33159,3
9.89,MajorRoad,Medium,Low,Medium,19936,1
11.99,Residential,High,Low,Medium,9135,3
1.84,MajorRoad,Medium,Low,Medium,2996,1
9.09,Residential,Low,Low,Low,7463,2
5.44,Secondary,High,Low,Medium,6191,2
11.03,MajorRoad,High,Low,Medium,18201,3
3.58,Secondary,Medium,Low,Low,4410,2
14.92,Highway,High,Medium,High,63121,3
17.95,Secondary,Low,Low,Low,20312,2
10.49,Secondary,High,Medium,Medium,15715,10
12.12,MajorRoad,High,Medium,High,32941,6
2.61,Secondary,Low,Low,Low,3521,2
1.43,Residential,Low,Low,Low,1266,4
6.82,Residential,Low,Low,Low,5173,2
25.48,Secondary,High,Medium,Medium,35133,3
8.06,Residential,Medium,Low,Low,7129,2
1.99,Residential,Medium,Low,Low,1488,2
8.75,Residential,Low,Low,Low,7023,2
4.39,Residential,Low,Low,Low,3290,2
12.46,Residential,Medium,Low,Low,10139,2
1.38,Secondary,High,Low,Medium,1948,4
1.92,Secondary,High,Low,Low,2115,3
21.8,Residential,High,Low,Low,17477,10
16.3,Highway,High,Medium,High,61120,2
18.2,MajorRoad,High,Medium,High,49905,4
1.2,Highway,Low,Low,Medium,3458,1
9.94,Secondary,High,Low,Low,11560,6
17.52,MajorRoad,High,Low,Medium,37598,4
22.15,Residential,Low,Low,Low,18478,5
1.88,Secondary,Medium,Low,Low,2040,2
6.72,Residential,Low,Low,Low,5386,2
2.75,Residential,Low,Low,Low,2211,2
41.23,Residential,Low,Low,Low,33627,5
2.15,Residential,Low,Low,Low,1610,2
8.75,Residential,Medium,Low,Low,8116,2
4.34,MajorRoad,High,Low,Medium,9316,4
18.99,Highway,High,Medium,High,80574,2
3.51,Residential,Low,Low,Low,2945,2
3.65,Secondary,Low,Low,Low,5130,2
13.84,Secondary,Medium,Low,Low,17570,2
3.21,Residential,Medium,Low,Low,2399,2
21.4,MajorRoad,Medium,Low,Medium,41904,2
7.58,MajorRoad,Medium,Low,Low,13857,2
17.85,MajorRoad,Low,Low,Low,32237,2
2.62,Highway,Medium,Low,Low,6378,2
5.82,Residential,Medium,Low,Low,4562,5
12.33,Residential,Medium,Low,Low,9341,2
13.89,Residential,Low,Low,Low,13211,2
33.5,Residential,Medium,Low,Low,25679,3
11.45,Secondary,Medium,Low,Low,12424,8
11.52,MajorRoad,Medium,Low,Medium,24243,1
1.16,Residential,Medium,Low,Low,993,2
7.5,MajorRoad,Medium,Low,Low,12390,5
54.71,Secondary,Low,Low,Low,72034,10
8.88,Highway,High,Medium,High,38437,3
8.36,Residential,Low,Low,Low,6274,6
15.71,Residential,Low,Low,Low,14601,2
34.88,Residential,Medium,Low,Low,30312,3
32.01,Residential,Low,Low,Low,28836,3
0.82,Residential,Low,Low,Low,775,2
31.94,MajorRoad,High,Medium,High,80993,2
7.02,Residential,Low,Low,Low,6409,2
7.23,MajorRoad,Low,Low,Low,14856,2
1.28,MajorRoad,Medium,Low,Low,2427,2
5.78,MajorRoad,Low,Low,Medium,11136,1
2.44,Residential,Low,Low,Low,2238,2
5.99,Secondary,Medium,Low,Low,6585,2
6.36,MajorRoad,High,Low,Medium,10993,4
3.99,Secondary,High,Low,Low,5124,7
4.07,Secondary,High,Low,Low,5306,5
1.69,Secondary,Low,Low,Low,2234,2
25.53,MajorRoad,Medium,Low,Low,45564,3
24.36,Secondary,High,Low,Low,27077,8
4.53,Secondary,Low,Low,Low,5630,2
1.31,Secondary,Low,Low,Low,1537,2
8.79,Secondary,High,Low,Low,10224,3
29.61,Highway,High,Medium,High,111701,4
11.62,MajorRoad,High,Medium,High,31675,2
29.62,Residential,Medium,Low,Low,22126,3
20.51,Secondary,Medium,Low,Low,25178,3
4.99,Residential,High,Low,Medium,4335,4
4.03,Highway,Medium,Low,Low,10004,2
7.69,Secondary,Low,Low,Low,10786,4
10.46,Residential,Low,Low,Low,7881,8
1.95,Residential,Low,Low,Low,1472,5
192.43,MajorRoad,Medium,Medium,Medium,399259,10
4.3,Residential,Low,Low,Low,4037,2
3.22,Residential,High,Low,Medium,2805,4
9.81,MajorRoad,High,Low,Medium,19405,8
1.95,Residential,Low,Low,Low,1461,7
8.99,Residential,Medium,Low,Low,8153,2
49.16,MajorRoad,High,Medium,High,159045,10
11.57,Residential,Medium,Low,Low,10117,2
1.51,Secondary,High,Low,Medium,1771,2
2.83,MajorRoad,High,Low,Medium,5348,4
14.49,Secondary,High,Medium,Medium,19552,8
8.4,Residential,Medium,Low,Low,6790,2
23.91,Secondary,Medium,Low,Low,27753,3
1.54,Residential,Low,Low,Low,1355,9
4.0,Residential,Low,Low,Low,3388,2
8.79,Secondary,Low,Low,Low,11137,2
0.8,MajorRoad,High,Low,Medium,1415,2
16.06,Residential,Medium,Low,Low,11962,2
33.59,Highway,Low,Low,Medium,95947,6
0.75,Residential,Medium,Low,Low,661,2
19.13,MajorRoad,Medium,Low,Medium,32281,1
4.04,MajorRoad,Medium,Low,Low,6763,2
1.16,Secondary,Medium,Low,Low,1648,2
2.06,Residential,Medium,Low,Low,1939,2
1.8,Residential,High,Low,Low,1629,4
8.12,Secondary,Medium,Low,Low,10724,2
19.11,Secondary,Low,Low,Low,24054,9
16.02,Secondary,Medium,Low,Low,21177,2
13.36,Residential,Low,Low,Low,9871,2
3.76,Residential,Medium,Low,Low,3565,9
4.38,Secondary,Medium,Low,Low,5266,2
8.62,Secondary,Medium,Low,Low,12206,2
4.58,MajorRoad,Medium,Low,Low,8940,2
4.16,MajorRoad,High,Low,Medium,6758,4
7.52,Residential,Low,Low,Low,5974,2
3.52,MajorRoad,High,Medium,High,11706,4
5.37,Highway,High,Low,Medium,12279,4
3.89,Residential,Low,Low,Low,3323,2
4.71,MajorRoad,Medium,Low,Medium,9095,1
2.1,Secondary,High,Low,Low,2505,3
5.77,Secondary,High,Low,Low,6969,11
6.65,Highway,Low,Low,Low,15656,2
20.38,Secondary,Medium,Low,Low,23862,8
5.82,Secondary,High,Low,Medium,7716,2
8.34,Residential,Low,Low,Low,6944,4
9.01,Residential,Low,Low,Low,8158,5
7.78,Highway,High,Medium,High,33333,4
7.38,MajorRoad,High,Low,Medium,13589,2
1.71,Residential,Low,Low,Low,1573,2
5.13,MajorRoad,Medium,Low,Medium,8629,6
13.75,Secondary,Medium,Low,Low,18024,2
5.91,MajorRoad,High,Low,Medium,10721,2
3.1,Residential,High,Low,Medium,2753,3
19.54,Residential,Low,Low,Low,14661,2
1.75,Residential,Low,Low,Low,1517,2
9.25,Residential,Low,Low,Low,8301,2
15.51,Secondary,High,Medium,Medium,22599,2
18.06,Secondary,Medium,Low,Low,23148,2
3.05,MajorRoad,High,Low,Medium,5842,3
3.93,Residential,Low,Low,Low,3288,2
2.26,Secondary,High,Low,Medium,2911,4
22.07,Residential,Medium,Low,Low,20477,3
6.32,Secondary,High,Low,Low,8132,3
2.34,Secondary,Low,Low,Low,3250,2
3.98,Residential,Medium,Low,Low,3712,2
4.18,MajorRoad,High,Low,Medium,7054,6
22.07,Secondary,Medium,Low,Low,28628,7
40.8,Secondary,High,Medium,Medium,55196,4
8.15,Secondary,Low,Low,Low,10156,2
7.33,MajorRoad,High,Low,Medium,12346,2
2.71,Highway,Medium,Low,Medium,7333,1
10.68,MajorRoad,Medium,Low,Low,19047,2
13.05,Secondary,Medium,Low,Low,14175,2
